Firm Name,Website,Phone,Address,Google Maps Rating,Partner's Name
Family First Lawyers,https://www.familyfirstlawyers.co.uk/,+442036331798,"45 Albemarle St, London W1S 4JL, United Kingdom",4.8,N/A
Mayfair Immigration,https://www.mayfairimmigration.co.uk/,+442034684741,"4 Old Park Ln, London W1K 1QW, United Kingdom",4.7,N/A
Britton and Time Solicitors,https://brittontime.com/,+442080549199,"29 Farm St, London W1J 5RL, United Kingdom",4.8,N/A
Peters May LLP,https://www.petersmay.com/,+442037097236,"68 Brook St, London W1K 5DZ, United Kingdom",5,N/A
Ketley Miller Joels Ltd,https://www.kmjsolicitors.com/,+442037096895,"84 Brook St, London W1K 5EH, United Kingdom",4.4,N/A
Thomas Mansfield Family Law,https://www.tmfamilylaw.co.uk/locations/divorce-lawyers-in-mayfair-london/,+442030052712,"Berkeley Square House, London W1J 6BD, United Kingdom",N/A,N/A
Thomas Legal London,https://thomaslegal.co.uk/london/,+442071010300,"93 Gloucester Pl, London W1U 6JQ, United Kingdom",4.9,N/A
Meaby & Co Solicitors,http://www.meaby.co.uk/,+442077035034,"94-96 Wigmore St, London W1U 3RF, United Kingdom",4.8,N/A
Mergul Law,http://mergullaw.co.uk/,+442038767643,"Suite 135, Berkeley Square House, London W1J 6BD, United Kingdom",4.8,N/A
Chan Neill Solicitors,http://www.cnsolicitors.com/,+442072537781,"36 Upper Brook St, London W1K 7QJ, United Kingdom",4.9,N/A
Nath Solicitors,https://www.nathsolicitors.co.uk/?utm_source=google&utm_medium=organic&utm_campaign=gbp-listing,+442039838278,"35 Berkeley Square, London W1J 5BF, United Kingdom",4.9,N/A
Davies Legal Immigration,http://www.davieslegal.com/,+442078560395,"53 Davies St, London W1K 5JH, United Kingdom",4.8,N/A
CDS Mayfair,https://cdsmayfair.com/,+442077588170,"32 Old Burlington St, London W1S 3AT, United Kingdom",4.6,N/A
Alexiou Fisher Phillips,http://www.afplaw.co.uk/,+442074091222,"106-108 Wigmore St, London W1U 3LR, United Kingdom",4.1,N/A
Ola Leslie Solicitors,http://www.olaleslie.com/,+442071830084,"141-142 Lower Marsh, London SE1 7AE, United Kingdom",4.7,N/A
Smart Legal,https://smartlegal.co.uk/,+442030047094,"24-28 Bloomsbury Way, London WC1A 2SN, United Kingdom",4.8,N/A
Quality Conveyancing,http://qconveyancing.com/index.php,+442037636767,"1st floor, Ealing Cross, 85 Uxbridge Rd, London W5 5BW, United Kingdom",4.8,N/A
Branch Austin McCormick LLP,https://branchaustinmccormick.com/?utm_source=gbp&utm_medium=organic&utm_campaign=gbp-listing,+442078510100,"32 St James's St, London SW1A 1HD, United Kingdom",4.9,N/A
Montpellier Legal London,https://www.montpellier.legal/conveyancing-solicitor/conveyancing-south-kensington/,+442039123800,"1st Floor, 239 Kensington High St, London W8 6SN, United Kingdom",5,N/A
Gannons Solicitors,https://www.gannons.co.uk/,+442074381060,"20 Jockey's Fields, London WC1R 4BW, United Kingdom",4.7,N/A
